TDSFU Daily run: Mon Oct 27 14:46:48 UTC 2025 TDSFU
TDSFU Daily run: Tue Oct 28 04:33:59 UTC 2025 TDSFU
TDSFU Daily run: Wed Oct 29 04:37:33 UTC 2025 TDSFU
TDSFU Daily run: Thu Oct 30 04:33:33 UTC 2025 TDSFU
TDSFU Daily run: Fri Oct 31 04:35:07 UTC 2025 TDSFU
TDSFU Daily run: Sat Nov  1 04:30:57 UTC 2025 TDSFU
TDSFU Daily run: Sun Nov  2 04:33:37 UTC 2025 TDSFU
TDSFU Daily run: Mon Nov  3 04:38:18 UTC 2025 TDSFU
TDSFU Daily run: Tue Nov  4 04:33:39 UTC 2025 TDSFU
TDSFU Daily run: Wed Nov  5 04:34:22 UTC 2025 TDSFU
TDSFU Daily run: Thu Nov  6 04:37:43 UTC 2025 TDSFU
TDSFU Daily run: Fri Nov  7 04:33:48 UTC 2025 TDSFU
